topic,retrieval_method,num_questions,relevance_mean,relevance_std,faithfulness_mean,faithfulness_std,novelty_mean,novelty_std,coverage_mean,coverage_std,complexity_mean,complexity_std,diversity,self_bleu,rouge_l_mean,bleu4_mean,chrf_mean,jaccard_mean,levenshtein_sim_mean,context_support_mean,max_sent_overlap_mean,ragas_faithfulness,ragas_ctx_relevancy,ragas_answer_relevancy,generated_questions
Когда родился Пётр Первый,topk,1,0.88840651512146,0.0,0.8889440298080444,0.0,1.0,0.0,0.5454545454545454,0.0,0.49461106951206124,0.0,1.0,0.0,0.06636102261247961,0.0002668682153317151,0.04041720990873533,0.06854838709677419,0.08839528558476883,0.0,0.2727272727272727,1.0,0.6163836170064992,0.8402170181274413,**Вопрос:** В каком году родился Петр Первый?
Екатерина Великая,topk,1,0.8762166500091553,0.0,0.9026834964752197,0.0,1.0,0.0,0.5,0.0,0.5739816940863636,0.0,1.0,0.0,0.07091374099046735,0.000511562660972093,0.048369093389557236,0.07984790874524715,0.1276408450704225,0.0,0.28,1.0,0.5996200900759014,0.9053895652294159,"**Вопрос:** По словам Екатерины Великой, значение ее дел определит потомство. В этой связи она отклонила титул:"
Российский флот,topk,1,0.8751131296157837,0.0,0.9185832738876343,0.0,1.0,0.0,0.6428571428571429,0.0,0.5078174527506772,0.0,1.0,0.0,0.10019281582518033,0.0020180572774918574,0.05511811023622047,0.10256410256410256,0.11229264142917905,0.0,0.34146341463414637,1.0,0.6042135056471213,0.5765469908714294,**Вопрос:** В каком году Петр I произнес «Слово похвальное о флоте российском»?
